id,created_at,is_canceled,quantity,sub_total,detail,rental,type
481e31b1de4d11eb829b9828a6410061,"2021-07-17 14:12:28.000000",false,17,198,"Aenean lectus.",dcf68497de4c11eb829b9828a6410061,511976ffde2311eb829b9828a6410061
482036b5de4d11eb829b9828a6410061,"2021-07-22 06:28:23.000000",false,11,612,"In hac habitasse platea dictumst.",dd0862fdde4c11eb829b9828a6410061,51159676de2311eb829b9828a6410061
482161d9de4d11eb829b9828a6410061,"2021-07-20 12:28:45.000000",false,9,195,"Quisque erat eros, viverra eget, congue eget, semper rutrum, nulla.",dd09ff34de4c11eb829b9828a6410061,511f8da2de2311eb829b9828a6410061
48222f95de4d11eb829b9828a6410061,"2021-07-22 17:25:07.000000",false,17,881,"Maecenas pulvinar lobortis est.",dcf12eeede4c11eb829b9828a6410061,5114a0d2de2311eb829b9828a6410061
4822c9a6de4d11eb829b9828a6410061,"2021-07-23 04:41:36.000000",false,10,344,"Aliquam quis turpis eget elit sodales scelerisque.",dd18061ede4c11eb829b9828a6410061,511dc4eede2311eb829b9828a6410061
48239512de4d11eb829b9828a6410061,"2021-07-24 17:50:01.000000",false,8,795,"Morbi porttitor lorem id ligula.",dd07bd5ade4c11eb829b9828a6410061,51159676de2311eb829b9828a6410061
48245d08de4d11eb829b9828a6410061,"2021-07-18 17:16:21.000000",false,16,378,"Praesent blandit.",dcfdfaa1de4c11eb829b9828a6410061,51138789de2311eb829b9828a6410061
4825018ade4d11eb829b9828a6410061,"2021-07-17 16:25:55.000000",false,10,661,"Vivamus metus arcu, adipiscing molestie, hendrerit at, vulputate vitae, nisl.",dd16899bde4c11eb829b9828a6410061,511a5b35de2311eb829b9828a6410061
4825b968de4d11eb829b9828a6410061,"2021-07-16 08:58:04.000000",false,8,860,"Nam nulla.",dd11220ede4c11eb829b9828a6410061,511b1311de2311eb829b9828a6410061
4826582bde4d11eb829b9828a6410061,"2021-07-15 18:00:43.000000",true,11,930,"Suspendisse potenti.",dd15d711de4c11eb829b9828a6410061,511f8da2de2311eb829b9828a6410061
4826fa00de4d11eb829b9828a6410061,"2021-07-19 23:14:40.000000",true,8,385,"Nulla mollis molestie lorem.",dd05c4fcde4c11eb829b9828a6410061,511c2567de2311eb829b9828a6410061
48279038de4d11eb829b9828a6410061,"2021-07-24 12:40:20.000000",true,20,917,"Cum sociis natoque penatibus et magnis dis parturient montes, nascetur ridiculus mus.",dd0eda88de4c11eb829b9828a6410061,511f8da2de2311eb829b9828a6410061
4828545ede4d11eb829b9828a6410061,"2021-07-21 15:31:37.000000",true,15,663,"In quis justo.",dd13e221de4c11eb829b9828a6410061,511a5b35de2311eb829b9828a6410061
4828fe6dde4d11eb829b9828a6410061,"2021-07-24 12:44:44.000000",true,20,638,"Donec dapibus.",dd0f80a3de4c11eb829b9828a6410061,511976ffde2311eb829b9828a6410061
482a0356de4d11eb829b9828a6410061,"2021-07-22 02:36:55.000000",false,8,964,"Maecenas ut massa quis augue luctus tincidunt.",dcf8ce3dde4c11eb829b9828a6410061,511976ffde2311eb829b9828a6410061
482a9055de4d11eb829b9828a6410061,"2021-07-23 17:04:10.000000",true,7,734,"Maecenas leo odio, condimentum id, luctus nec, molestie sed, justo.",dd0d56e0de4c11eb829b9828a6410061,51170ab2de2311eb829b9828a6410061
482b245ade4d11eb829b9828a6410061,"2021-07-21 04:59:16.000000",false,13,495,"Proin at turpis a pede posuere nonummy.",dd0f80a3de4c11eb829b9828a6410061,5121c92ede2311eb829b9828a6410061
482bb880de4d11eb829b9828a6410061,"2021-07-21 19:59:38.000000",true,11,923,"Integer a nibh.",dd00d9f8de4c11eb829b9828a6410061,5120c056de2311eb829b9828a6410061
482c4b85de4d11eb829b9828a6410061,"2021-07-17 22:08:09.000000",false,8,321,"Morbi vel lectus in quam fringilla rhoncus.",dd104d95de4c11eb829b9828a6410061,5118b550de2311eb829b9828a6410061
482ce4c1de4d11eb829b9828a6410061,"2021-07-17 05:51:13.000000",false,18,738,"Donec vitae nisi.",dd0f80a3de4c11eb829b9828a6410061,511a5b35de2311eb829b9828a6410061
482d8491de4d11eb829b9828a6410061,"2021-07-23 21:52:50.000000",true,15,525,"Suspendisse potenti.",dcfb52a6de4c11eb829b9828a6410061,51159676de2311eb829b9828a6410061
482e2dd0de4d11eb829b9828a6410061,"2021-07-16 11:15:37.000000",false,13,566,"Cras pellentesque volutpat dui.",dd053729de4c11eb829b9828a6410061,511f8da2de2311eb829b9828a6410061
482ee44bde4d11eb829b9828a6410061,"2021-07-15 19:11:58.000000",true,19,192,"Praesent lectus.",dd0d56e0de4c11eb829b9828a6410061,51179b63de2311eb829b9828a6410061
482f9233de4d11eb829b9828a6410061,"2021-07-22 21:04:06.000000",true,17,234,"Donec dapibus.",dd0eda88de4c11eb829b9828a6410061,51170ab2de2311eb829b9828a6410061
48302c1ade4d11eb829b9828a6410061,"2021-07-22 06:42:54.000000",false,4,916,"Praesent lectus.",dcfd4644de4c11eb829b9828a6410061,5122b573de2311eb829b9828a6410061
4830cd80de4d11eb829b9828a6410061,"2021-07-18 12:19:18.000000",false,17,184,"Quisque erat eros, viverra eget, congue eget, semper rutrum, nulla.",dd104d95de4c11eb829b9828a6410061,51159676de2311eb829b9828a6410061
483166d7de4d11eb829b9828a6410061,"2021-07-18 19:12:49.000000",false,12,159,"Mauris sit amet eros.",dcfeb3dede4c11eb829b9828a6410061,5122b573de2311eb829b9828a6410061
48321fdbde4d11eb829b9828a6410061,"2021-07-24 21:04:29.000000",true,20,356,"Proin risus.",dd09ff34de4c11eb829b9828a6410061,511eb18fde2311eb829b9828a6410061
48331370de4d11eb829b9828a6410061,"2021-07-18 08:38:05.000000",false,15,382,"Maecenas tincidunt lacus at velit.",dcfd4644de4c11eb829b9828a6410061,5120c056de2311eb829b9828a6410061
4833a8c4de4d11eb829b9828a6410061,"2021-07-24 04:07:54.000000",false,17,260,"Nullam molestie nibh in lectus.",dd13e221de4c11eb829b9828a6410061,51159676de2311eb829b9828a6410061
4834655ede4d11eb829b9828a6410061,"2021-07-23 15:02:19.000000",true,9,714,"Duis bibendum.",dcfca73dde4c11eb829b9828a6410061,5114a0d2de2311eb829b9828a6410061
483523b5de4d11eb829b9828a6410061,"2021-07-20 04:47:44.000000",true,16,462,"Nunc rhoncus dui vel sem.",dd13e221de4c11eb829b9828a6410061,5122b573de2311eb829b9828a6410061
4835dd23de4d11eb829b9828a6410061,"2021-07-15 03:39:58.000000",true,20,870,"Nulla ac enim.",dd104d95de4c11eb829b9828a6410061,511c2567de2311eb829b9828a6410061
483686f0de4d11eb829b9828a6410061,"2021-07-24 21:13:36.000000",false,15,662,"Aliquam quis turpis eget elit sodales scelerisque.",dd104d95de4c11eb829b9828a6410061,5121c92ede2311eb829b9828a6410061
4837170cde4d11eb829b9828a6410061,"2021-07-16 14:30:01.000000",false,17,530,"Praesent blandit.",dcfca73dde4c11eb829b9828a6410061,5120c056de2311eb829b9828a6410061
4837cf10de4d11eb829b9828a6410061,"2021-07-17 09:57:05.000000",true,8,126,"Mauris enim leo, rhoncus sed, vestibulum sit amet, cursus id, turpis.",dd053729de4c11eb829b9828a6410061,511c2567de2311eb829b9828a6410061
483869d3de4d11eb829b9828a6410061,"2021-07-16 22:24:58.000000",false,4,790,"In hac habitasse platea dictumst.",dd07bd5ade4c11eb829b9828a6410061,511dc4eede2311eb829b9828a6410061
48390514de4d11eb829b9828a6410061,"2021-07-22 02:45:20.000000",false,5,386,"Integer pede justo, lacinia eget, tincidunt eget, tempus vel, pede.",dd128b04de4c11eb829b9828a6410061,51170ab2de2311eb829b9828a6410061
4839e48dde4d11eb829b9828a6410061,"2021-07-18 22:48:16.000000",true,15,786,"Donec quis orci eget orci vehicula condimentum.",dd128b04de4c11eb829b9828a6410061,511eb18fde2311eb829b9828a6410061
483acbcade4d11eb829b9828a6410061,"2021-07-20 00:12:27.000000",false,20,669,"Quisque erat eros, viverra eget, congue eget, semper rutrum, nulla.",dcff6bc7de4c11eb829b9828a6410061,5118b550de2311eb829b9828a6410061
483b7465de4d11eb829b9828a6410061,"2021-07-24 21:44:06.000000",false,20,995,"Nam dui.",dcff6bc7de4c11eb829b9828a6410061,5122b573de2311eb829b9828a6410061
483c1735de4d11eb829b9828a6410061,"2021-07-16 15:23:51.000000",false,10,619,"Nullam porttitor lacus at turpis.",dd07bd5ade4c11eb829b9828a6410061,511dc4eede2311eb829b9828a6410061
483cb019de4d11eb829b9828a6410061,"2021-07-15 17:50:13.000000",true,7,889,"Praesent id massa id nisl venenatis lacinia.",dd046885de4c11eb829b9828a6410061,51159676de2311eb829b9828a6410061
483d5fc4de4d11eb829b9828a6410061,"2021-07-22 09:42:58.000000",true,19,856,"Maecenas tincidunt lacus at velit.",dd18061ede4c11eb829b9828a6410061,51159676de2311eb829b9828a6410061
483e0857de4d11eb829b9828a6410061,"2021-07-17 13:07:41.000000",true,12,162,"Lorem ipsum dolor sit amet, consectetuer adipiscing elit.",dd02230ede4c11eb829b9828a6410061,5121c92ede2311eb829b9828a6410061
483ea5b6de4d11eb829b9828a6410061,"2021-07-23 07:34:43.000000",false,18,775,"Donec ut mauris eget massa tempor convallis.",dcf12eeede4c11eb829b9828a6410061,511976ffde2311eb829b9828a6410061
483f679dde4d11eb829b9828a6410061,"2021-07-18 11:58:21.000000",false,17,104,"Mauris lacinia sapien quis libero.",dd18061ede4c11eb829b9828a6410061,51179b63de2311eb829b9828a6410061
4840040cde4d11eb829b9828a6410061,"2021-07-15 14:05:20.000000",true,7,134,"Pellentesque at nulla.",dd0adfcade4c11eb829b9828a6410061,511b1311de2311eb829b9828a6410061
48409e9ede4d11eb829b9828a6410061,"2021-07-15 22:46:56.000000",false,2,475,"Cum sociis natoque penatibus et magnis dis parturient montes, nascetur ridiculus mus.",dcfdfaa1de4c11eb829b9828a6410061,51170ab2de2311eb829b9828a6410061
48414181de4d11eb829b9828a6410061,"2021-07-16 17:48:25.000000",true,2,809,"Vestibulum rutrum rutrum neque.",dd15327dde4c11eb829b9828a6410061,511cf92bde2311eb829b9828a6410061
